Action,User_Index,Gas_Used
Registration,1,67717
Registration,2,67669
Registration,3,67753
Registration,4,67741
Registration,5,67717
Registration,6,67705
Registration,7,67789
Registration,8,67729
Registration,9,67765
Registration,10,67717
Registration,11,67765
Registration,12,67705
Registration,13,67717
Registration,14,67777
Registration,15,67753
Registration,16,67777
Registration,17,67729
Registration,18,67765
Registration,19,67717
Registration,20,67753
Registration,21,67741
Registration,22,67729
Registration,23,67705
Registration,24,67729
Registration,25,67717
Registration,26,67681
Registration,27,67765
Registration,28,67729
Registration,29,67717
Registration,30,67705
Registration,31,67777
Registration,32,67753
Registration,33,67717
Registration,34,67765
Registration,35,67753
Registration,36,67729
Registration,37,67741
Registration,38,67753
Registration,39,67717
Registration,40,67753
Registration,41,67765
Registration,42,67693
Registration,43,67693
Registration,44,67717
Registration,45,67705
Registration,46,67717
Registration,47,67741
Registration,48,67789
Registration,49,67717
Registration,50,67717
Service_Addition,1,89478
Service_Addition,1,74418
Service_Addition,2,89442
Service_Addition,2,74418
Service_Addition,2,74478
Service_Addition,2,74478
Service_Addition,3,89430
Service_Addition,3,74418
Service_Addition,3,74478
Service_Addition,3,74478
Service_Addition,3,74430
Service_Addition,4,89478
Service_Addition,4,74442
Service_Addition,4,74454
Service_Addition,4,74430
Service_Addition,4,74466
Service_Addition,5,89442
Service_Addition,5,74478
Service_Addition,5,74466
Service_Addition,5,74466
Service_Addition,6,89442
Service_Addition,7,89466
Service_Addition,7,74478
Service_Addition,8,89442
Service_Addition,8,74454
Service_Addition,8,74430
Service_Addition,9,89454
Service_Addition,9,74442
Service_Addition,9,74478
Service_Addition,10,89478
Service_Addition,10,74442
Service_Addition,10,74466
Service_Addition,10,74418
Service_Addition,11,89466
Service_Addition,12,89454
Service_Addition,12,74418
Service_Addition,12,74478
Service_Addition,13,89466
Service_Addition,13,74478
Service_Addition,13,74418
Service_Addition,13,74418
Service_Addition,13,74418
Service_Addition,14,89418
Service_Addition,14,74466
Service_Addition,15,89430
Service_Addition,15,74466
Service_Addition,15,74478
Service_Addition,16,89430
Service_Addition,16,74430
Service_Addition,16,74418
Service_Addition,16,74478
Service_Addition,16,74478
Service_Addition,17,89430
Service_Addition,17,74466
Service_Addition,18,89442
Service_Addition,18,74466
Service_Addition,18,74454
Service_Addition,18,74454
Service_Addition,18,74418
Service_Addition,19,89442
Service_Addition,19,74478
Service_Addition,19,74442
Service_Addition,20,89454
Service_Addition,20,74430
Service_Addition,20,74478
Service_Addition,20,74430
Service_Addition,21,89454
Service_Addition,21,74454
Service_Addition,21,74466
Service_Addition,21,74466
Service_Addition,22,89442
Service_Addition,22,74454
Service_Addition,22,74466
Service_Addition,22,74418
Service_Addition,23,89442
Service_Addition,23,74466
Service_Addition,24,89418
Service_Addition,24,74466
Service_Addition,24,74466
Service_Addition,25,89454
Service_Addition,25,74430
Service_Addition,26,89442
Service_Addition,26,74478
Service_Addition,27,89478
Service_Addition,27,74418
Service_Addition,27,74454
Service_Addition,27,74442
Service_Addition,27,74466
Service_Addition,28,89442
Service_Addition,28,74442
Service_Addition,28,74478
Service_Addition,29,89430
Service_Addition,29,74442
Service_Addition,30,89478
Service_Addition,30,74418
Service_Addition,31,89418
Service_Addition,31,74454
Service_Addition,31,74454
Service_Addition,32,89418
Service_Addition,32,74466
Service_Addition,32,74478
Service_Addition,33,89442
Service_Addition,34,89478
Service_Addition,34,74418
Service_Addition,34,74418
Service_Addition,35,89430
Service_Addition,35,74454
Service_Addition,35,74442
Service_Addition,35,74418
Service_Addition,35,74418
Service_Addition,36,89478
Service_Addition,36,74418
Service_Addition,36,74478
Service_Addition,36,74466
Service_Addition,36,74430
Service_Addition,37,89466
Service_Addition,38,89442
Service_Addition,38,74430
Service_Addition,39,89430
Service_Addition,40,89466
Service_Addition,41,89466
Service_Addition,41,74442
Service_Addition,41,74442
Service_Addition,41,74442
Service_Addition,42,89418
Service_Addition,43,89442
Service_Addition,43,74430
Service_Addition,43,74442
Service_Addition,44,89418
Service_Addition,44,74478
Service_Addition,44,74466
Service_Addition,44,74430
Service_Addition,44,74478
Service_Addition,45,89466
Service_Addition,45,74466
Service_Addition,45,74478
Service_Addition,45,74418
Service_Addition,46,89442
Service_Addition,46,74478
Service_Addition,46,74418
Service_Addition,46,74430
Service_Addition,47,89466
Service_Addition,47,74454
Service_Addition,47,74478
Service_Addition,48,89418
Service_Addition,49,89442
Service_Addition,49,74418
Service_Addition,49,74466
Service_Addition,49,74478
Service_Addition,50,89430
Service_Selection,1,31252
Service_Selection,1,31252
Service_Selection,1,31252
Service_Selection,1,31252
Service_Selection,1,31252
Service_Selection,2,31240
Service_Selection,3,31240
Service_Selection,4,31252
Service_Selection,4,31252
Service_Selection,5,31240
Service_Selection,6,31240
Service_Selection,7,31252
Service_Selection,8,31252
Service_Selection,8,31252
Service_Selection,8,31252
Service_Selection,9,31252
Service_Selection,10,31240
Service_Selection,10,31240
Service_Selection,11,31240
Service_Selection,12,31252
Service_Selection,12,31252
Service_Selection,12,31252
Service_Selection,12,31252
Service_Selection,12,31252
Service_Selection,13,31252
Service_Selection,13,31252
Service_Selection,13,31252
Service_Selection,13,31252
Service_Selection,13,31252
Service_Selection,14,31240
Service_Selection,15,31252
Service_Selection,16,31240
Service_Selection,17,31252
Service_Selection,18,31252
Service_Selection,18,31252
Service_Selection,18,31240
Service_Selection,19,31252
Service_Selection,19,31240
Service_Selection,19,31252
Service_Selection,19,31252
Service_Selection,20,31240
Service_Selection,21,31240
Service_Selection,21,31252
Service_Selection,22,31240
Service_Selection,22,31228
Service_Selection,22,31240
Service_Selection,22,31228
Service_Selection,23,31240
Service_Selection,23,31240
Service_Selection,24,31240
Service_Selection,25,31240
Service_Selection,26,31240
Service_Selection,26,31252
Service_Selection,26,31240
Service_Selection,27,31252
Service_Selection,27,31240
Service_Selection,28,31252
Service_Selection,28,31252
Service_Selection,29,31240
Service_Selection,30,31240
Service_Selection,31,31240
Service_Selection,31,31252
Service_Selection,31,31252
Service_Selection,32,31252
Service_Selection,32,31240
Service_Selection,33,31252
Service_Selection,33,31240
Service_Selection,34,31240
Service_Selection,34,31252
Service_Selection,35,31240
Service_Selection,35,31240
Service_Selection,36,31240
Service_Selection,37,31240
Service_Selection,37,31252
Service_Selection,37,31252
Service_Selection,38,31240
Service_Selection,39,31252
Service_Selection,39,31252
Service_Selection,39,31252
Service_Selection,39,31252
Service_Selection,39,31252
Service_Selection,40,31240
Service_Selection,41,31252
Service_Selection,42,31252
Service_Selection,42,31252
Service_Selection,42,31240
Service_Selection,43,31252
Service_Selection,44,31240
Service_Selection,45,31240
Service_Selection,45,31240
Service_Selection,46,31240
Service_Selection,46,31240
Service_Selection,46,31252
Service_Selection,47,31240
Service_Selection,48,31240
Service_Selection,49,31252
Service_Selection,49,31252
Service_Selection,49,31252
Service_Selection,49,31252
Service_Selection,50,31240
